{
	"float" : 
	{
		"ashhoppers" : 0.01,
		"bears" : 1.5,
		"boars" : 0.40000000000000002,
		"boarsany" : 0.40000000000000002,
		"boarsmounted" : 0.40000000000000002,
		"canines" : 0.29999999999999999,
		"chaurus" : 0.5,
		"chaurushunters" : 1.2,
		"chaurusreapers" : 1.2,
		"chickens" : 0.01,
		"cows" : 0.01,
		"deers" : 0.5,
		"dogs" : 0.20000000000000001,
		"dragonpriests" : 1.5,
		"dragons" : 4.0,
		"draugrs" : 0.5,
		"dwarvenballistas" : 1.5,
		"dwarvencenturions" : 2,
		"dwarvenspheres" : 0.5,
		"dwarvenspiders" : 0.20000000000000001,
		"falmers" : 0.40000000000000002,
		"flameAtronach" : 0.01,
		"foxes" : 0.01,
		"frostatronach" : 1.8,
		"gargoyles" : 1,
		"giantspiders" : 2.5,
		"giants" : 3,
		"goats" : 0.20000000000000001,
		"hagravens" : 0.01,
		"horkers" : 1.3,
		"horses" : 2.5,
		"icewraiths" : 0.20000000000000001,
		"largespiders" : 0.59999999999999998,
		"lurkers" : 2.5,
		"mammoths" : 3,
		"mudcrabs" : 0.01,
		"netches" : 3,
		"rabbits" : 0.01,
		"rieklings" : 0.01,
		"sabreCats" : 1.5,
		"seekers" : 1.5,
		"skeevers" : 0.01,
		"slaughterfishes" : 0.01,
		"spiders" : 0.20000000000000001,
		"spriggans" : 0.01,
		"stormatronach" : 1.5,
		"trolls" : 2,
		"vampirelords" : 0.5,
		"werewolves" : 1.5,
		"wispmothers" : 0.01,
		"wisps" : 0.01,
		"wolves" : 0.5
	}
}